{
"lengthUnit": "mil",
"components": {
	"fields": ["COMPONENT_NO", "COMPONENT_NAME", "LAYER", "X_COORDINATE", "Y_COORDINATE", "ANGLE"],
	"rows": [
		[1, "-GP26-", "T", -2180, 1105, 0],
		[2, "-GP27-", "T", -2195, 2255, 0],
		[3, "H1", "T", -2470, 1845, 270],
		[4, "H2", "T", -1895, 1840, 270],
		[5, "LED1", "T", -2885, 2860, 0],
		[6, "R1", "T", -2705, 2705, 90],
		[7, "TrigIn", "T", -2900, 1395, 90],
		[8, "TrigOut", "T", -2900, 1860, 90],
		[9, "U1", "T", -2805, 2195, 0]
	]
},
"pins": {
	"fields": ["PIN_NO", "PIN_NAME", "PIN_X", "PIN_Y", "LAYER", "PIN_TYPE", "NET_NAME", "NET_TYPE", "PAD_SHAPE", "PAD_SIZEX", "PAD_SIZEY", "HOLE_SIZE", "PAD_ANGLE"],
	"rows": [
		[1, "-GP26-_1", -2230, 1105, "T", "DIP", "GP26", "", "R", 66.93, 66.93, 39.37, 0],
		[2, "-GP26-_1", -2230, 1105, "B", "DIP", "GP26", "", "R", 66.93, 66.93, 39.37, 0],
		[3, "-GP26-_2", -2130, 1105, "T", "DIP", "GP26D", "", "C", 66.93, 66.93, 39.37, 0],
		[4, "-GP26-_2", -2130, 1105, "B", "DIP", "GP26D", "", "C", 66.93, 66.93, 39.37, 0],
		[5, "-GP27-_1", -2245, 2255, "T", "DIP", "GP27", "", "R", 66.93, 66.93, 39.37, 0],
		[6, "-GP27-_1", -2245, 2255, "B", "DIP", "GP27", "", "R", 66.93, 66.93, 39.37, 0],
		[7, "-GP27-_2", -2145, 2255, "T", "DIP", "GP27D", "", "C", 66.93, 66.93, 39.37, 0],
		[8, "-GP27-_2", -2145, 2255, "B", "DIP", "GP27D", "", "C", 66.93, 66.93, 39.37, 0],
		[9, "H1_1", -2520, 2795, "T", "DIP", "3V3", "", "R", 70.87, 70.87, 43.31, 270],
		[10, "H1_1", -2520, 2795, "B", "DIP", "3V3", "", "R", 70.87, 70.87, 43.31, 270],
		[11, "H1_2", -2420, 2795, "T", "DIP", "5V", "", "C", 70.87, 70.87, 43.31, 270],
		[12, "H1_2", -2420, 2795, "B", "DIP", "5V", "", "C", 70.87, 70.87, 43.31, 270],
		[13, "H1_3", -2520, 2695, "T", "DIP", "NET3", "", "C", 70.87, 70.87, 43.31, 270],
		[14, "H1_3", -2520, 2695, "B", "DIP", "NET3", "", "C", 70.87, 70.87, 43.31, 270],
		[15, "H1_4", -2420, 2695, "T", "DIP", "5V", "", "C", 70.87, 70.87, 43.31, 270],
		[16, "H1_4", -2420, 2695, "B", "DIP", "5V", "", "C", 70.87, 70.87, 43.31, 270],
		[17, "H1_5", -2520, 2595, "T", "DIP", "NET5", "", "C", 70.87, 70.87, 43.31, 270],
		[18, "H1_5", -2520, 2595, "B", "DIP", "NET5", "", "C", 70.87, 70.87, 43.31, 270],
		[19, "H1_6", -2420, 2595, "T", "DIP", "GND", "GND", "C", 70.87, 70.87, 43.31, 270],
		[20, "H1_6", -2420, 2595, "B", "DIP", "GND", "GND", "C", 70.87, 70.87, 43.31, 270],
		[21, "H1_7", -2520, 2495, "T", "DIP", "NET7", "", "C", 70.87, 70.87, 43.31, 270],
		[22, "H1_7", -2520, 2495, "B", "DIP", "NET7", "", "C", 70.87, 70.87, 43.31, 270],
		[23, "H1_8", -2420, 2495, "T", "DIP", "NET8", "", "C", 70.87, 70.87, 43.31, 270],
		[24, "H1_8", -2420, 2495, "B", "DIP", "NET8", "", "C", 70.87, 70.87, 43.31, 270],
		[25, "H1_9", -2520, 2395, "T", "DIP", "GND", "GND", "C", 70.87, 70.87, 43.31, 270],
		[26, "H1_9", -2520, 2395, "B", "DIP", "GND", "GND", "C", 70.87, 70.87, 43.31, 270],
		[27, "H1_10", -2420, 2395, "T", "DIP", "NET10", "", "C", 70.87, 70.87, 43.31, 270],
		[28, "H1_10", -2420, 2395, "B", "DIP", "NET10", "", "C", 70.87, 70.87, 43.31, 270],
		[29, "H1_11", -2520, 2295, "T", "DIP", "NET11", "", "C", 70.87, 70.87, 43.31, 270],
		[30, "H1_11", -2520, 2295, "B", "DIP", "NET11", "", "C", 70.87, 70.87, 43.31, 270],
		[31, "H1_12", -2420, 2295, "T", "DIP", "NET12", "", "C", 70.87, 70.87, 43.31, 270],
		[32, "H1_12", -2420, 2295, "B", "DIP", "NET12", "", "C", 70.87, 70.87, 43.31, 270],
		[33, "H1_13", -2520, 2195, "T", "DIP", "GP27", "", "C", 70.87, 70.87, 43.31, 270],
		[34, "H1_13", -2520, 2195, "B", "DIP", "GP27", "", "C", 70.87, 70.87, 43.31, 270],
		[35, "H1_14", -2420, 2195, "T", "DIP", "GND", "GND", "C", 70.87, 70.87, 43.31, 270],
		[36, "H1_14", -2420, 2195, "B", "DIP", "GND", "GND", "C", 70.87, 70.87, 43.31, 270],
		[37, "H1_15", -2520, 2095, "T", "DIP", "NET15", "", "C", 70.87, 70.87, 43.31, 270],
		[38, "H1_15", -2520, 2095, "B", "DIP", "NET15", "", "C", 70.87, 70.87, 43.31, 270],
		[39, "H1_16", -2420, 2095, "T", "DIP", "NET16", "", "C", 70.87, 70.87, 43.31, 270],
		[40, "H1_16", -2420, 2095, "B", "DIP", "NET16", "", "C", 70.87, 70.87, 43.31, 270],
		[41, "H1_17", -2520, 1995, "T", "DIP", "3V3", "", "C", 70.87, 70.87, 43.31, 270],
		[42, "H1_17", -2520, 1995, "B", "DIP", "3V3", "", "C", 70.87, 70.87, 43.31, 270],
		[43, "H1_18", -2420, 1995, "T", "DIP", "NET18", "", "C", 70.87, 70.87, 43.31, 270],
		[44, "H1_18", -2420, 1995, "B", "DIP", "NET18", "", "C", 70.87, 70.87, 43.31, 270],
		[45, "H1_19", -2520, 1895, "T", "DIP", "NET19", "", "C", 70.87, 70.87, 43.31, 270],
		[46, "H1_19", -2520, 1895, "B", "DIP", "NET19", "", "C", 70.87, 70.87, 43.31, 270],
		[47, "H1_20", -2420, 1895, "T", "DIP", "GND", "GND", "C", 70.87, 70.87, 43.31, 270],
		[48, "H1_20", -2420, 1895, "B", "DIP", "GND", "GND", "C", 70.87, 70.87, 43.31, 270],
		[49, "H1_21", -2520, 1795, "T", "DIP", "NET21", "", "C", 70.87, 70.87, 43.31, 270],
		[50, "H1_21", -2520, 1795, "B", "DIP", "NET21", "", "C", 70.87, 70.87, 43.31, 270],
		[51, "H1_22", -2420, 1795, "T", "DIP", "NET22", "", "C", 70.87, 70.87, 43.31, 270],
		[52, "H1_22", -2420, 1795, "B", "DIP", "NET22", "", "C", 70.87, 70.87, 43.31, 270],
		[53, "H1_23", -2520, 1695, "T", "DIP", "NET23", "", "C", 70.87, 70.87, 43.31, 270],
		[54, "H1_23", -2520, 1695, "B", "DIP", "NET23", "", "C", 70.87, 70.87, 43.31, 270],
		[55, "H1_24", -2420, 1695, "T", "DIP", "NET24", "", "C", 70.87, 70.87, 43.31, 270],
		[56, "H1_24", -2420, 1695, "B", "DIP", "NET24", "", "C", 70.87, 70.87, 43.31, 270],
		[57, "H1_25", -2520, 1595, "T", "DIP", "GND", "GND", "C", 70.87, 70.87, 43.31, 270],
		[58, "H1_25", -2520, 1595, "B", "DIP", "GND", "GND", "C", 70.87, 70.87, 43.31, 270],
		[59, "H1_26", -2420, 1595, "T", "DIP", "NET26", "", "C", 70.87, 70.87, 43.31, 270],
		[60, "H1_26", -2420, 1595, "B", "DIP", "NET26", "", "C", 70.87, 70.87, 43.31, 270],
		[61, "H1_27", -2520, 1495, "T", "DIP", "NET27", "", "C", 70.87, 70.87, 43.31, 270],
		[62, "H1_27", -2520, 1495, "B", "DIP", "NET27", "", "C", 70.87, 70.87, 43.31, 270],
		[63, "H1_28", -2420, 1495, "T", "DIP", "NET28", "", "C", 70.87, 70.87, 43.31, 270],
		[64, "H1_28", -2420, 1495, "B", "DIP", "NET28", "", "C", 70.87, 70.87, 43.31, 270],
		[65, "H1_29", -2520, 1395, "T", "DIP", "NET29", "", "C", 70.87, 70.87, 43.31, 270],
		[66, "H1_29", -2520, 1395, "B", "DIP", "NET29", "", "C", 70.87, 70.87, 43.31, 270],
		[67, "H1_30", -2420, 1395, "T", "DIP", "GND", "GND", "C", 70.87, 70.87, 43.31, 270],
		[68, "H1_30", -2420, 1395, "B", "DIP", "GND", "GND", "C", 70.87, 70.87, 43.31, 270],
		[69, "H1_31", -2520, 1295, "T", "DIP", "NET31", "", "C", 70.87, 70.87, 43.31, 270],
		[70, "H1_31", -2520, 1295, "B", "DIP", "NET31", "", "C", 70.87, 70.87, 43.31, 270],
		[71, "H1_32", -2420, 1295, "T", "DIP", "NET32", "", "C", 70.87, 70.87, 43.31, 270],
		[72, "H1_32", -2420, 1295, "B", "DIP", "NET32", "", "C", 70.87, 70.87, 43.31, 270],
		[73, "H1_33", -2520, 1195, "T", "DIP", "NET33", "", "C", 70.87, 70.87, 43.31, 270],
		[74, "H1_33", -2520, 1195, "B", "DIP", "NET33", "", "C", 70.87, 70.87, 43.31, 270],
		[75, "H1_34", -2420, 1195, "T", "DIP", "GND", "GND", "C", 70.87, 70.87, 43.31, 270],
		[76, "H1_34", -2420, 1195, "B", "DIP", "GND", "GND", "C", 70.87, 70.87, 43.31, 270],
		[77, "H1_35", -2520, 1095, "T", "DIP", "NET35", "", "C", 70.87, 70.87, 43.31, 270],
		[78, "H1_35", -2520, 1095, "B", "DIP", "NET35", "", "C", 70.87, 70.87, 43.31, 270],
		[79, "H1_36", -2420, 1095, "T", "DIP", "NET36", "", "C", 70.87, 70.87, 43.31, 270],
		[80, "H1_36", -2420, 1095, "B", "DIP", "NET36", "", "C", 70.87, 70.87, 43.31, 270],
		[81, "H1_37", -2520, 995, "T", "DIP", "GP26", "", "C", 70.87, 70.87, 43.31, 270],
		[82, "H1_37", -2520, 995, "B", "DIP", "GP26", "", "C", 70.87, 70.87, 43.31, 270],
		[83, "H1_38", -2420, 995, "T", "DIP", "NET38", "", "C", 70.87, 70.87, 43.31, 270],
		[84, "H1_38", -2420, 995, "B", "DIP", "NET38", "", "C", 70.87, 70.87, 43.31, 270],
		[85, "H1_39", -2520, 895, "T", "DIP", "GND", "GND", "C", 70.87, 70.87, 43.31, 270],
		[86, "H1_39", -2520, 895, "B", "DIP", "GND", "GND", "C", 70.87, 70.87, 43.31, 270],
		[87, "H1_40", -2420, 895, "T", "DIP", "NET40", "", "C", 70.87, 70.87, 43.31, 270],
		[88, "H1_40", -2420, 895, "B", "DIP", "NET40", "", "C", 70.87, 70.87, 43.31, 270],
		[89, "H2_1", -1945, 2790, "T", "DIP", "3V3", "", "R", 70.87, 70.87, 43.31, 270],
		[90, "H2_1", -1945, 2790, "B", "DIP", "3V3", "", "R", 70.87, 70.87, 43.31, 270],
		[91, "H2_2", -1845, 2790, "T", "DIP", "5V", "", "C", 70.87, 70.87, 43.31, 270],
		[92, "H2_2", -1845, 2790, "B", "DIP", "5V", "", "C", 70.87, 70.87, 43.31, 270],
		[93, "H2_3", -1945, 2690, "T", "DIP", "NET3", "", "C", 70.87, 70.87, 43.31, 270],
		[94, "H2_3", -1945, 2690, "B", "DIP", "NET3", "", "C", 70.87, 70.87, 43.31, 270],
		[95, "H2_4", -1845, 2690, "T", "DIP", "5V", "", "C", 70.87, 70.87, 43.31, 270],
		[96, "H2_4", -1845, 2690, "B", "DIP", "5V", "", "C", 70.87, 70.87, 43.31, 270],
		[97, "H2_5", -1945, 2590, "T", "DIP", "NET5", "", "C", 70.87, 70.87, 43.31, 270],
		[98, "H2_5", -1945, 2590, "B", "DIP", "NET5", "", "C", 70.87, 70.87, 43.31, 270],
		[99, "H2_6", -1845, 2590, "T", "DIP", "GND", "GND", "C", 70.87, 70.87, 43.31, 270],
		[100, "H2_6", -1845, 2590, "B", "DIP", "GND", "GND", "C", 70.87, 70.87, 43.31, 270],
		[101, "H2_7", -1945, 2490, "T", "DIP", "NET7", "", "C", 70.87, 70.87, 43.31, 270],
		[102, "H2_7", -1945, 2490, "B", "DIP", "NET7", "", "C", 70.87, 70.87, 43.31, 270],
		[103, "H2_8", -1845, 2490, "T", "DIP", "NET8", "", "C", 70.87, 70.87, 43.31, 270],
		[104, "H2_8", -1845, 2490, "B", "DIP", "NET8", "", "C", 70.87, 70.87, 43.31, 270],
		[105, "H2_9", -1945, 2390, "T", "DIP", "GND", "GND", "C", 70.87, 70.87, 43.31, 270],
		[106, "H2_9", -1945, 2390, "B", "DIP", "GND", "GND", "C", 70.87, 70.87, 43.31, 270],
		[107, "H2_10", -1845, 2390, "T", "DIP", "NET10", "", "C", 70.87, 70.87, 43.31, 270],
		[108, "H2_10", -1845, 2390, "B", "DIP", "NET10", "", "C", 70.87, 70.87, 43.31, 270],
		[109, "H2_11", -1945, 2290, "T", "DIP", "NET11", "", "C", 70.87, 70.87, 43.31, 270],
		[110, "H2_11", -1945, 2290, "B", "DIP", "NET11", "", "C", 70.87, 70.87, 43.31, 270],
		[111, "H2_12", -1845, 2290, "T", "DIP", "NET12", "", "C", 70.87, 70.87, 43.31, 270],
		[112, "H2_12", -1845, 2290, "B", "DIP", "NET12", "", "C", 70.87, 70.87, 43.31, 270],
		[113, "H2_13", -1945, 2190, "T", "DIP", "GP27D", "", "C", 70.87, 70.87, 43.31, 270],
		[114, "H2_13", -1945, 2190, "B", "DIP", "GP27D", "", "C", 70.87, 70.87, 43.31, 270],
		[115, "H2_14", -1845, 2190, "T", "DIP", "GND", "GND", "C", 70.87, 70.87, 43.31, 270],
		[116, "H2_14", -1845, 2190, "B", "DIP", "GND", "GND", "C", 70.87, 70.87, 43.31, 270],
		[117, "H2_15", -1945, 2090, "T", "DIP", "NET15", "", "C", 70.87, 70.87, 43.31, 270],
		[118, "H2_15", -1945, 2090, "B", "DIP", "NET15", "", "C", 70.87, 70.87, 43.31, 270],
		[119, "H2_16", -1845, 2090, "T", "DIP", "NET16", "", "C", 70.87, 70.87, 43.31, 270],
		[120, "H2_16", -1845, 2090, "B", "DIP", "NET16", "", "C", 70.87, 70.87, 43.31, 270],
		[121, "H2_17", -1945, 1990, "T", "DIP", "3V3", "", "C", 70.87, 70.87, 43.31, 270],
		[122, "H2_17", -1945, 1990, "B", "DIP", "3V3", "", "C", 70.87, 70.87, 43.31, 270],
		[123, "H2_18", -1845, 1990, "T", "DIP", "NET18", "", "C", 70.87, 70.87, 43.31, 270],
		[124, "H2_18", -1845, 1990, "B", "DIP", "NET18", "", "C", 70.87, 70.87, 43.31, 270],
		[125, "H2_19", -1945, 1890, "T", "DIP", "NET19", "", "C", 70.87, 70.87, 43.31, 270],
		[126, "H2_19", -1945, 1890, "B", "DIP", "NET19", "", "C", 70.87, 70.87, 43.31, 270],
		[127, "H2_20", -1845, 1890, "T", "DIP", "GND", "GND", "C", 70.87, 70.87, 43.31, 270],
		[128, "H2_20", -1845, 1890, "B", "DIP", "GND", "GND", "C", 70.87, 70.87, 43.31, 270],
		[129, "H2_21", -1945, 1790, "T", "DIP", "NET21", "", "C", 70.87, 70.87, 43.31, 270],
		[130, "H2_21", -1945, 1790, "B", "DIP", "NET21", "", "C", 70.87, 70.87, 43.31, 270],
		[131, "H2_22", -1845, 1790, "T", "DIP", "NET22", "", "C", 70.87, 70.87, 43.31, 270],
		[132, "H2_22", -1845, 1790, "B", "DIP", "NET22", "", "C", 70.87, 70.87, 43.31, 270],
		[133, "H2_23", -1945, 1690, "T", "DIP", "NET23", "", "C", 70.87, 70.87, 43.31, 270],
		[134, "H2_23", -1945, 1690, "B", "DIP", "NET23", "", "C", 70.87, 70.87, 43.31, 270],
		[135, "H2_24", -1845, 1690, "T", "DIP", "NET24", "", "C", 70.87, 70.87, 43.31, 270],
		[136, "H2_24", -1845, 1690, "B", "DIP", "NET24", "", "C", 70.87, 70.87, 43.31, 270],
		[137, "H2_25", -1945, 1590, "T", "DIP", "GND", "GND", "C", 70.87, 70.87, 43.31, 270],
		[138, "H2_25", -1945, 1590, "B", "DIP", "GND", "GND", "C", 70.87, 70.87, 43.31, 270],
		[139, "H2_26", -1845, 1590, "T", "DIP", "NET26", "", "C", 70.87, 70.87, 43.31, 270],
		[140, "H2_26", -1845, 1590, "B", "DIP", "NET26", "", "C", 70.87, 70.87, 43.31, 270],
		[141, "H2_27", -1945, 1490, "T", "DIP", "NET27", "", "C", 70.87, 70.87, 43.31, 270],
		[142, "H2_27", -1945, 1490, "B", "DIP", "NET27", "", "C", 70.87, 70.87, 43.31, 270],
		[143, "H2_28", -1845, 1490, "T", "DIP", "NET28", "", "C", 70.87, 70.87, 43.31, 270],
		[144, "H2_28", -1845, 1490, "B", "DIP", "NET28", "", "C", 70.87, 70.87, 43.31, 270],
		[145, "H2_29", -1945, 1390, "T", "DIP", "NET29", "", "C", 70.87, 70.87, 43.31, 270],
		[146, "H2_29", -1945, 1390, "B", "DIP", "NET29", "", "C", 70.87, 70.87, 43.31, 270],
		[147, "H2_30", -1845, 1390, "T", "DIP", "GND", "GND", "C", 70.87, 70.87, 43.31, 270],
		[148, "H2_30", -1845, 1390, "B", "DIP", "GND", "GND", "C", 70.87, 70.87, 43.31, 270],
		[149, "H2_31", -1945, 1290, "T", "DIP", "NET31", "", "C", 70.87, 70.87, 43.31, 270],
		[150, "H2_31", -1945, 1290, "B", "DIP", "NET31", "", "C", 70.87, 70.87, 43.31, 270],
		[151, "H2_32", -1845, 1290, "T", "DIP", "NET32", "", "C", 70.87, 70.87, 43.31, 270],
		[152, "H2_32", -1845, 1290, "B", "DIP", "NET32", "", "C", 70.87, 70.87, 43.31, 270],
		[153, "H2_33", -1945, 1190, "T", "DIP", "NET33", "", "C", 70.87, 70.87, 43.31, 270],
		[154, "H2_33", -1945, 1190, "B", "DIP", "NET33", "", "C", 70.87, 70.87, 43.31, 270],
		[155, "H2_34", -1845, 1190, "T", "DIP", "GND", "GND", "C", 70.87, 70.87, 43.31, 270],
		[156, "H2_34", -1845, 1190, "B", "DIP", "GND", "GND", "C", 70.87, 70.87, 43.31, 270],
		[157, "H2_35", -1945, 1090, "T", "DIP", "NET35", "", "C", 70.87, 70.87, 43.31, 270],
		[158, "H2_35", -1945, 1090, "B", "DIP", "NET35", "", "C", 70.87, 70.87, 43.31, 270],
		[159, "H2_36", -1845, 1090, "T", "DIP", "NET36", "", "C", 70.87, 70.87, 43.31, 270],
		[160, "H2_36", -1845, 1090, "B", "DIP", "NET36", "", "C", 70.87, 70.87, 43.31, 270],
		[161, "H2_37", -1945, 990, "T", "DIP", "GP26D", "", "C", 70.87, 70.87, 43.31, 270],
		[162, "H2_37", -1945, 990, "B", "DIP", "GP26D", "", "C", 70.87, 70.87, 43.31, 270],
		[163, "H2_38", -1845, 990, "T", "DIP", "NET38", "", "C", 70.87, 70.87, 43.31, 270],
		[164, "H2_38", -1845, 990, "B", "DIP", "NET38", "", "C", 70.87, 70.87, 43.31, 270],
		[165, "H2_39", -1945, 890, "T", "DIP", "GND", "GND", "C", 70.87, 70.87, 43.31, 270],
		[166, "H2_39", -1945, 890, "B", "DIP", "GND", "GND", "C", 70.87, 70.87, 43.31, 270],
		[167, "H2_40", -1845, 890, "T", "DIP", "NET40", "", "C", 70.87, 70.87, 43.31, 270],
		[168, "H2_40", -1845, 890, "B", "DIP", "NET40", "", "C", 70.87, 70.87, 43.31, 270],
		[169, "LED1_1", -2935, 2860, "T", "DIP", "$1N3289", "", "C", 60, 60, 36, 0],
		[170, "LED1_1", -2935, 2860, "B", "DIP", "$1N3289", "", "C", 60, 60, 36, 0],
		[171, "LED1_2", -2835, 2860, "T", "DIP", "GND", "GND", "C", 60, 60, 36, 0],
		[172, "LED1_2", -2835, 2860, "B", "DIP", "GND", "GND", "C", 60, 60, 36, 0],
		[173, "R1_1", -2705, 2502.24, "T", "DIP", "$1N3637", "", "C", 60, 60, 39.37, 90],
		[174, "R1_1", -2705, 2502.24, "B", "DIP", "$1N3637", "", "C", 60, 60, 39.37, 90],
		[175, "R1_2", -2705, 2907.76, "T", "DIP", "$1N3289", "", "C", 60, 60, 39.37, 90],
		[176, "R1_2", -2705, 2907.76, "B", "DIP", "$1N3289", "", "C", 60, 60, 39.37, 90],
		[177, "TrigIn_1", -2900, 1345, "T", "DIP", "GND", "GND", "R", 66.93, 66.93, 39.37, 90],
		[178, "TrigIn_1", -2900, 1345, "B", "DIP", "GND", "GND", "R", 66.93, 66.93, 39.37, 90],
		[179, "TrigIn_2", -2900, 1445, "T", "DIP", "GP26", "", "C", 66.93, 66.93, 39.37, 90],
		[180, "TrigIn_2", -2900, 1445, "B", "DIP", "GP26", "", "C", 66.93, 66.93, 39.37, 90],
		[181, "TrigOut_1", -2900, 1810, "T", "DIP", "GND", "GND", "R", 66.93, 66.93, 39.37, 90],
		[182, "TrigOut_1", -2900, 1810, "B", "DIP", "GND", "GND", "R", 66.93, 66.93, 39.37, 90],
		[183, "TrigOut_2", -2900, 1910, "T", "DIP", "$1N3241", "", "C", 66.93, 66.93, 39.37, 90],
		[184, "TrigOut_2", -2900, 1910, "B", "DIP", "$1N3241", "", "C", 66.93, 66.93, 39.37, 90],
		[185, "U1_1", -2905, 2195, "T", "DIP", "$1N3637", "", "R", 59.84, 59.84, 40.36, 0],
		[186, "U1_1", -2905, 2195, "B", "DIP", "$1N3637", "", "R", 59.84, 59.84, 40.36, 0],
		[187, "U1_2", -2805, 2195, "T", "DIP", "GP27", "", "C", 59.84, 59.84, 40.36, 0],
		[188, "U1_2", -2805, 2195, "B", "DIP", "GP27", "", "C", 59.84, 59.84, 40.36, 0],
		[189, "U1_3", -2705, 2195, "T", "DIP", "$1N3241", "", "C", 59.84, 59.84, 40.36, 0],
		[190, "U1_3", -2705, 2195, "B", "DIP", "$1N3241", "", "C", 59.84, 59.84, 40.36, 0]
	]
}
}